City_ID,City_ID,City,Country,Date,Lat,Lng,Max Temp,Humidity,Cloudiness,Wind Speed
0,0,Rio Gallegos,AR,2022-01-29 02:54:29,-51.6226,-69.2181,57.25,77,0,21.85
1,1,Rikitea,PF,2022-01-29 02:54:30,-23.1203,-134.9692,78.03,71,90,13.89
2,2,Port Alfred,ZA,2022-01-29 02:51:59,-33.5906,26.891,66.38,81,87,6.22
3,3,Sistranda,NO,2022-01-29 02:54:30,63.7256,8.834,42.76,89,100,31.03
4,4,Acapulco,MX,2022-01-29 02:53:44,16.8634,-99.8901,77.16,78,0,3.42
5,5,Bluff,NZ,2022-01-29 02:54:31,-46.6,168.3333,68.81,60,92,8.95
6,6,Nyzhnya Duvanka,UA,2022-01-29 02:54:31,49.5846,38.1743,31.14,94,100,11.14
7,7,Polunochnoye,RU,2022-01-29 02:54:32,60.8697,60.4153,-10.55,98,87,3.15
8,8,Yellowknife,CA,2022-01-29 02:51:00,62.456,-114.3525,-6.59,88,20,6.91
9,9,Calvinia,ZA,2022-01-29 02:54:13,-31.4707,19.776,66.07,59,0,8.63
10,10,Maridi,SS,2022-01-29 02:54:33,4.9158,29.4742,65.66,31,4,4.09
11,11,Codrington,AU,2022-01-29 02:51:50,-38.2667,141.9667,66.06,70,100,14.14
12,12,Harper,LR,2022-01-29 02:54:33,4.375,-7.7169,78.75,82,68,3.38
13,13,Russell,US,2022-01-29 02:54:34,32.3502,-85.1999,42.08,47,7,11.65
14,14,Phalombe,MW,2022-01-29 02:54:34,-15.8064,35.6507,65.79,97,14,1.25
15,15,Kipushi,CD,2022-01-29 02:54:35,-11.7667,27.2333,61.11,98,100,3.78
16,16,Cayenne,GF,2022-01-29 02:54:35,4.9333,-52.3333,75.09,90,0,3.44
17,17,Pisco,PE,2022-01-29 02:52:13,-13.7,-76.2167,69.85,68,0,8.05
18,18,Puerto Ayora,EC,2022-01-29 02:54:36,-0.7393,-90.3518,73.54,94,63,1.01
19,19,Saint-Joseph,RE,2022-01-29 02:54:36,-21.3667,55.6167,73.78,71,0,5.7
20,20,Mar Del Plata,AR,2022-01-29 02:54:36,-38.0023,-57.5575,67.08,73,0,1.99
21,21,Albany,US,2022-01-29 02:53:44,42.6001,-73.9662,20.62,71,100,1.99
22,22,Aklavik,CA,2022-01-29 02:54:37,68.2191,-135.0107,-17.57,89,6,5.64
23,23,New Norfolk,AU,2022-01-29 02:54:37,-42.7826,147.0587,68.9,56,99,1.99
24,24,Ushuaia,AR,2022-01-29 02:53:13,-54.8,-68.3,51.46,82,75,6.91
25,25,Siuna,NI,2022-01-29 02:54:38,13.7332,-84.7773,69.89,93,40,4.0
26,26,Kruisfontein,ZA,2022-01-29 02:54:38,-34.0033,24.7314,63.88,86,95,0.67
27,27,Kokkola,FI,2022-01-29 02:54:39,63.8385,23.1307,22.93,93,0,4.0
28,28,Jamestown,US,2022-01-29 02:54:29,42.097,-79.2353,10.33,78,100,9.22
29,29,Butaritari,KI,2022-01-29 02:54:39,3.0707,172.7902,81.46,79,41,16.37
30,30,Agirish,RU,2022-01-29 02:54:40,61.9247,63.0231,-10.16,99,54,4.07
31,31,Charlestown,AU,2022-01-29 02:54:40,-32.95,151.6667,87.57,68,2,1.99
32,32,Busselton,AU,2022-01-29 02:54:41,-33.65,115.3333,93.04,41,98,5.79
33,33,Alto Longa,BR,2022-01-29 02:54:41,-5.2511,-42.2103,70.66,97,100,3.29
34,34,Mataura,NZ,2022-01-29 02:54:41,-46.1927,168.8643,68.49,22,88,8.19
35,35,Labuhan,ID,2022-01-29 02:54:42,-6.8844,112.2051,84.2,70,99,5.86
36,36,Saint George,US,2022-01-29 02:50:39,37.1041,-113.5841,52.27,25,0,1.01
37,37,Mitsamiouli,KM,2022-01-29 02:54:42,-11.3847,43.2844,80.2,73,72,4.09
38,38,Hithadhoo,MV,2022-01-29 02:53:38,-0.6,73.0833,80.67,66,52,8.34
39,39,Nuuk,GL,2022-01-29 02:54:43,64.1835,-51.7216,16.88,92,100,13.0
40,40,Bredasdorp,ZA,2022-01-29 02:54:43,-34.5322,20.0403,60.28,88,69,4.61
41,41,Avarua,CK,2022-01-29 02:54:44,-21.2078,-159.775,80.65,78,75,10.36
42,42,Saint-Philippe,RE,2022-01-29 02:55:44,-21.3585,55.7679,74.79,76,0,4.76
43,43,Kaseda,JP,2022-01-29 02:55:44,31.4167,130.3167,49.23,56,95,13.85
44,44,Dunmore Town,BS,2022-01-29 02:55:45,25.5,-76.65,75.18,71,100,21.74
45,45,Merritt Island,US,2022-01-29 02:55:45,28.5392,-80.672,60.98,77,100,5.75
46,46,Belle Fourche,US,2022-01-29 02:55:45,44.6714,-103.8522,47.71,49,35,10.54
47,47,Tilichiki,RU,2022-01-29 02:55:46,60.4667,166.1,27.28,89,100,6.58
48,48,San Borja,BO,2022-01-29 02:55:46,-14.8167,-66.85,72.16,94,100,0.72
49,49,Cape Town,ZA,2022-01-29 02:55:47,-33.9258,18.4232,65.26,68,0,4.0
50,50,Kodiak,US,2022-01-29 02:53:35,57.79,-152.4072,26.11,74,100,19.57
51,51,East London,ZA,2022-01-29 02:55:47,-33.0153,27.9116,65.59,79,3,8.32
52,52,Havoysund,NO,2022-01-29 02:55:48,70.9963,24.6622,18.48,78,87,8.5
53,53,Chapais,CA,2022-01-29 02:55:48,49.7834,-74.8492,-25.82,100,22,3.11
54,54,Naze,JP,2022-01-29 02:55:48,28.3667,129.4833,54.52,81,100,9.46
55,55,Sangamner,IN,2022-01-29 02:55:49,19.5667,74.2167,61.59,38,32,3.74
56,56,Ahipara,NZ,2022-01-29 02:55:49,-35.1667,173.1667,75.63,49,100,7.94
57,57,Hilo,US,2022-01-29 02:55:50,19.7297,-155.09,75.25,85,4,4.0
58,58,Padang,ID,2022-01-29 02:55:50,-0.9492,100.3543,86.05,67,87,2.53
59,59,Ilinskoye-Khovanskoye,RU,2022-01-29 02:55:51,56.9718,39.7684,16.93,95,100,7.72
60,60,Dikson,RU,2022-01-29 02:55:51,73.5069,80.5464,2.77,94,100,18.19
61,61,Karratha,AU,2022-01-29 02:55:51,-20.7377,116.8463,89.67,46,64,13.22
62,62,Irbit,RU,2022-01-29 02:55:52,57.6705,63.071,2.59,98,100,2.86
63,63,Hermanus,ZA,2022-01-29 02:55:52,-34.4187,19.2345,60.8,79,46,11.95
64,64,Mount Isa,AU,2022-01-29 02:55:53,-20.7333,139.5,74.97,100,100,10.36
65,65,Khatanga,RU,2022-01-29 02:55:53,71.9667,102.5,-5.84,94,100,6.44
66,66,Dongsheng,CN,2022-01-29 02:55:53,39.8161,109.9776,22.62,40,0,7.34
67,67,Coquimbo,CL,2022-01-29 02:53:16,-29.9533,-71.3436,62.33,82,0,6.91
68,68,Isangel,VU,2022-01-29 02:52:47,-19.55,169.2667,80.71,94,100,9.22
69,69,Ballina,AU,2022-01-29 02:55:54,-28.8667,153.5667,84.24,76,75,12.66
70,70,Kondagaon,IN,2022-01-29 02:55:55,19.6,81.6667,60.82,34,7,3.29
71,71,Palana,RU,2022-01-29 02:55:56,59.1167,159.9667,30.88,67,100,17.52
72,72,Punta Arenas,CL,2022-01-29 02:55:56,-53.15,-70.9167,60.91,31,0,3.44
73,73,Hobart,AU,2022-01-29 02:55:42,-42.8794,147.3294,70.27,71,75,1.01
74,74,Tuatapere,NZ,2022-01-29 02:55:57,-46.1333,167.6833,68.83,43,100,4.27
75,75,Matinha,BR,2022-01-29 02:55:57,-3.1006,-45.0336,72.0,99,100,2.35
76,76,Gafargaon,BD,2022-01-29 02:55:57,24.4333,90.5667,55.38,44,0,4.47
77,77,Pevek,RU,2022-01-29 02:55:58,69.7008,170.3133,-10.75,98,100,1.77
78,78,Tuktoyaktuk,CA,2022-01-29 02:53:25,69.4541,-133.0374,-16.6,69,75,18.41
79,79,Bowen,AU,2022-01-29 02:55:58,-20.0167,148.2333,84.42,62,17,18.97
80,80,Touros,BR,2022-01-29 02:55:59,-5.1989,-35.4608,74.3,79,100,8.34
81,81,Lingao,CN,2022-01-29 02:55:59,19.9103,109.6859,72.27,78,96,13.02
82,82,Kirakira,SB,2022-01-29 02:56:00,-10.4544,161.9205,83.91,75,99,10.16
83,83,Bambous Virieux,MU,2022-01-29 02:56:00,-20.3428,57.7575,79.21,94,40,1.14
84,84,Canutama,BR,2022-01-29 02:56:00,-6.5339,-64.3831,72.7,99,100,2.39
85,85,Ippy,CF,2022-01-29 02:56:01,6.2679,21.2247,70.02,24,82,5.79
86,86,Ulaanbaatar,MN,2022-01-29 02:56:01,47.9077,106.8832,-11.07,70,75,2.24
87,87,Mankono,CI,2022-01-29 02:56:02,8.0586,-6.1897,73.92,36,22,3.0
88,88,Maceio,BR,2022-01-29 02:54:07,-9.6658,-35.7353,80.04,89,20,2.3
89,89,Cherskiy,RU,2022-01-29 02:56:02,68.75,161.3,-10.23,94,100,5.06
90,90,Goderich,CA,2022-01-29 02:57:03,43.7501,-81.7165,3.52,72,86,8.05
91,91,Mercedes,AR,2022-01-29 02:57:03,-34.6515,-59.4307,66.18,66,0,7.36
92,92,Clyde River,CA,2022-01-29 02:57:04,70.4692,-68.5914,-9.17,84,100,34.52
93,93,Atuona,PF,2022-01-29 02:57:05,-9.8,-139.0333,77.67,78,5,13.22
94,94,Vaini,TO,2022-01-29 02:57:05,-21.2,-175.2,82.78,78,100,17.07
95,95,Kapaa,US,2022-01-29 02:56:26,22.0752,-159.319,77.11,59,34,1.99
96,96,Zalantun,CN,2022-01-29 02:57:07,48.0,122.7167,9.09,64,0,8.21
97,97,Vila Franca Do Campo,PT,2022-01-29 02:57:07,37.7167,-25.4333,57.61,86,32,8.9
98,98,Singkang,MY,2022-01-29 02:57:08,2.1006,102.7994,84.09,57,70,3.69
99,99,Berlevag,NO,2022-01-29 02:57:08,70.8578,29.0864,29.71,60,100,12.26
100,100,Shizunai,JP,2022-01-29 02:57:09,42.3339,142.3669,27.68,62,90,18.63
101,101,Mayaky,UA,2022-01-29 02:57:09,47.4408,29.5599,30.92,90,99,18.1
102,102,Necochea,AR,2022-01-29 02:57:10,-38.5473,-58.7368,69.04,67,0,10.78
103,103,Ilulissat,GL,2022-01-29 02:57:10,69.2167,-51.1,22.17,59,100,23.64
104,104,Mamlyutka,KZ,2022-01-29 02:57:11,54.9375,68.5394,-0.38,93,100,6.62
105,105,Eucaliptus,BO,2022-01-29 02:57:11,-17.5833,-67.5167,49.35,79,100,2.8
106,106,Yar-Sale,RU,2022-01-29 02:57:12,66.8333,70.8333,-7.46,98,99,8.1
107,107,Luderitz,,2022-01-29 02:57:12,-26.6481,15.1594,67.14,73,0,22.46
108,108,Nhulunbuy,AU,2022-01-29 02:55:15,-12.2333,136.7667,79.41,83,75,18.41
109,109,Castro,BR,2022-01-29 02:57:13,-24.7911,-50.0119,58.95,99,100,9.31
110,110,Severo-Kurilsk,RU,2022-01-29 02:57:14,50.6789,156.125,23.36,73,100,26.98
111,111,Wanning,CN,2022-01-29 02:57:14,18.8003,110.3967,74.3,83,92,10.22
112,112,Vilyuysk,RU,2022-01-29 02:57:15,63.7553,121.6247,-9.54,97,99,7.47
113,113,Sitka,US,2022-01-29 02:53:56,57.0531,-135.33,42.69,81,100,17.27
114,114,Arraial Do Cabo,BR,2022-01-29 02:55:49,-22.9661,-42.0278,73.36,100,40,0.0
115,115,Owando,CG,2022-01-29 02:57:16,-0.4819,15.8999,70.47,47,32,1.97
116,116,Chernyshevskiy,RU,2022-01-29 02:57:16,63.0128,112.4714,-16.69,97,35,2.82
117,117,Vaitape,PF,2022-01-29 02:57:17,-16.5167,-151.75,80.92,75,17,13.56
118,118,Provideniya,RU,2022-01-29 02:57:17,64.3833,-173.3,-0.27,97,16,3.18
119,119,Geraldton,AU,2022-01-29 02:57:18,-28.7667,114.6,104.13,24,0,12.66
120,120,Vila Velha,BR,2022-01-29 02:57:18,-20.3297,-40.2925,78.75,82,20,6.91
121,121,Abnub,EG,2022-01-29 02:57:19,27.2696,31.1511,41.22,61,0,4.68
122,122,Caravelas,BR,2022-01-29 02:57:19,-17.7125,-39.2481,76.24,91,29,5.93
123,123,Longyearbyen,SJ,2022-01-29 02:57:20,78.2186,15.6401,8.44,78,0,16.11
124,124,Airai,TL,2022-01-29 02:57:20,-8.9266,125.4092,71.76,60,100,5.66
125,125,Port Blair,IN,2022-01-29 02:57:21,11.6667,92.75,82.44,78,75,11.5
126,126,Sola,VU,2022-01-29 02:57:21,-13.8833,167.55,80.42,83,100,20.09
127,127,Barrow,US,2022-01-29 02:57:22,71.2906,-156.7887,-18.02,99,96,11.95
128,128,Bethel,US,2022-01-29 02:57:22,41.3712,-73.414,30.29,87,100,5.75
129,129,Kaitangata,NZ,2022-01-29 02:57:23,-46.2817,169.8464,63.93,72,99,4.29
130,130,Port Elizabeth,ZA,2022-01-29 02:57:23,-33.918,25.5701,66.09,94,0,5.75
131,131,Saint-Gaudens,FR,2022-01-29 02:57:24,43.0833,0.6667,40.14,59,87,3.6
132,132,Chuy,UY,2022-01-29 02:57:24,-33.6971,-53.4616,64.17,78,0,5.77
133,133,Hami,CN,2022-01-29 02:57:25,42.8,93.45,22.75,48,1,4.68
134,134,Corowa,AU,2022-01-29 02:58:25,-36.0333,146.3833,83.57,66,99,6.78
135,135,Maragogi,BR,2022-01-29 02:58:26,-9.0122,-35.2225,77.56,82,100,9.1
136,136,Vanavara,RU,2022-01-29 02:58:26,60.34,102.2797,-7.87,98,100,3.49
137,137,Nome,US,2022-01-29 02:58:27,64.5011,-165.4064,-6.7,77,0,7.47
138,138,San Cristobal,VE,2022-01-29 02:58:27,7.7669,-72.225,73.58,83,5,3.38
139,139,Ponta Do Sol,PT,2022-01-29 02:58:28,32.6667,-17.1,61.72,61,66,4.43
140,140,Erdemli,TR,2022-01-29 02:58:28,36.605,34.3084,40.64,56,1,8.46
141,141,Tessalit,ML,2022-01-29 02:58:29,20.1986,1.0114,60.98,17,13,11.27
142,142,Mount Gambier,AU,2022-01-29 02:58:29,-37.8333,140.7667,71.51,64,100,18.41
143,143,Canas,CR,2022-01-29 02:58:30,10.4294,-85.0931,76.86,80,29,7.11
144,144,Norman Wells,CA,2022-01-29 02:58:31,65.282,-126.8329,-7.56,71,100,10.36
145,145,Los Llanos De Aridane,ES,2022-01-29 02:58:31,28.6585,-17.9182,55.15,67,0,10.36
146,146,Waipawa,NZ,2022-01-29 02:58:31,-41.4122,175.5153,70.43,40,1,4.5
147,147,Dourbali,TD,2022-01-29 02:58:32,11.8091,15.8632,60.62,15,4,12.12
148,148,Sydney,AU,2022-01-29 02:57:56,-33.8679,151.2073,91.89,65,75,4.0
149,149,Constitucion,CL,2022-01-29 02:58:14,-35.3333,-72.4167,56.59,92,6,3.8
150,150,Salalah,OM,2022-01-29 02:58:33,17.0151,54.0924,68.04,53,21,3.96
151,151,Hasaki,JP,2022-01-29 02:58:33,35.7333,140.8333,45.28,67,100,6.2
152,152,Rongcheng,CN,2022-01-29 02:58:34,30.634,117.8517,35.91,98,100,5.01
153,153,Port Macquarie,AU,2022-01-29 02:55:54,-31.4333,152.9167,84.16,66,49,11.77
154,154,Hambantota,LK,2022-01-29 02:58:35,6.1241,81.1185,77.34,100,40,2.3
155,155,Nautla,MX,2022-01-29 02:58:35,20.2167,-96.7833,60.44,94,100,23.0
156,156,Isoka,ZM,2022-01-29 02:58:36,-10.1606,32.6335,62.28,95,100,2.66
157,157,Samarai,PG,2022-01-29 02:58:36,-10.6167,150.6667,85.53,64,100,4.25
158,158,Alice Town,BS,2022-01-29 02:58:37,25.7167,-79.3,73.92,63,100,22.39
159,159,Bayanday,RU,2022-01-29 02:58:38,53.0661,105.5139,-8.14,98,80,3.04
160,160,Moose Factory,CA,2022-01-29 02:58:38,51.2585,-80.6094,-5.8,71,100,6.91
161,161,Camacha,PT,2022-01-29 02:58:39,33.0833,-16.3333,57.96,82,40,13.8
162,162,Emerald,AU,2022-01-29 02:58:39,-23.5333,148.1667,91.54,38,40,10.36
163,163,Petropavlovsk-Kamchatskiy,RU,2022-01-29 02:58:40,53.0452,158.6483,25.39,93,100,4.47
164,164,Guerrero Negro,MX,2022-01-29 02:58:40,27.9769,-114.0611,65.97,40,6,1.92
165,165,North Bend,US,2022-01-29 02:58:41,43.4065,-124.2243,48.85,95,55,4.25
166,166,Dhidhdhoo,MV,2022-01-29 02:58:41,6.8833,73.1,81.81,72,51,19.53
167,167,Qaanaaq,GL,2022-01-29 02:58:42,77.484,-69.3632,-12.8,62,84,7.78
168,168,Raudeberg,NO,2022-01-29 02:58:42,61.9875,5.1352,44.87,96,100,10.0
169,169,Mayor Pablo Lagerenza,PY,2022-01-29 02:58:43,-19.9309,-60.7718,73.96,79,30,2.08
170,170,Victoria,HK,2022-01-29 02:55:20,22.2855,114.1577,68.97,86,99,5.99
171,171,Souillac,MU,2022-01-29 02:57:36,-20.5167,57.5167,79.36,94,40,1.14
172,172,Izumo,JP,2022-01-29 02:58:43,35.3667,132.7667,48.09,46,75,14.97
173,173,Venado Tuerto,AR,2022-01-29 02:58:44,-33.7456,-61.9688,63.79,46,0,8.25
174,174,Smithers,CA,2022-01-29 02:58:44,54.7804,-127.1743,28.72,80,100,0.0
175,175,Antoing,BE,2022-01-29 02:58:45,50.556,3.4653,47.84,98,69,11.86
176,176,Awbari,LY,2022-01-29 02:58:45,26.5921,12.7805,41.9,52,5,3.6
177,177,Upernavik,GL,2022-01-29 02:58:46,72.7868,-56.1549,7.47,71,100,2.51
178,178,Gedo,ET,2022-01-29 02:58:46,9.0167,37.45,48.94,51,1,3.31
179,179,Charters Towers,AU,2022-01-29 02:57:43,-20.1,146.2667,83.5,62,95,14.9
180,180,Bonavista,CA,2022-01-29 02:59:48,48.6499,-53.1147,30.11,77,81,17.22
181,181,Gimli,CA,2022-01-29 02:58:59,50.6336,-96.9907,5.43,85,100,6.91
182,182,Mabaruma,GY,2022-01-29 02:59:48,8.2,-59.7833,70.32,87,42,2.59
183,183,Cervo,ES,2022-01-29 02:59:48,43.6702,-7.4101,32.2,86,42,14.45
184,184,Fairbanks,US,2022-01-29 02:57:18,64.8378,-147.7164,1.4,60,0,0.0
185,185,Port Hardy,CA,2022-01-29 02:59:49,50.6996,-127.4199,46.76,81,100,4.61
186,186,Bardstown,US,2022-01-29 02:59:49,37.8092,-85.4669,22.14,84,75,10.36
187,187,Skala,PL,2022-01-29 02:59:50,50.2305,19.8536,30.06,81,20,12.66
188,188,Lorengau,PG,2022-01-29 02:59:50,-2.0226,147.2712,81.97,76,100,2.3
189,189,Havre-Saint-Pierre,CA,2022-01-29 02:59:51,50.2334,-63.5986,5.59,78,0,10.36
190,190,Mahebourg,MU,2022-01-29 02:55:07,-20.4081,57.7,79.25,94,40,1.14
191,191,Paamiut,GL,2022-01-29 02:59:51,61.994,-49.6678,21.97,88,100,24.7
192,192,Ribeira Grande,PT,2022-01-29 02:59:52,38.5167,-28.7,58.41,60,57,5.82
193,193,Nikolskoye,RU,2022-01-29 02:59:52,59.7035,30.7861,24.69,96,98,6.42
194,194,Lata,PT,2022-01-29 02:59:52,40.1629,-8.3327,45.05,57,0,5.23
195,195,Buritis,BR,2022-01-29 02:59:53,-15.6178,-46.4233,69.73,90,67,1.83
196,196,Khorramshahr,IR,2022-01-29 02:59:53,30.4397,48.1664,42.76,75,0,8.14
197,197,Sorland,NO,2022-01-29 02:59:54,67.667,12.6934,33.55,67,100,28.07
198,198,Jacareacanga,BR,2022-01-29 02:59:54,-6.2222,-57.7528,72.82,99,100,1.23
199,199,Ancud,CL,2022-01-29 02:59:54,-41.8697,-73.8203,60.33,84,0,3.71
200,200,Pangai,TO,2022-01-29 02:58:47,-19.8,-174.35,83.25,76,98,16.02
201,201,Laval,CA,2022-01-29 02:56:59,45.57,-73.692,1.31,60,0,12.66
202,202,Severnyy,RU,2022-01-29 02:59:55,50.677,36.5532,30.24,100,100,6.71
203,203,Soyo,AO,2022-01-29 02:59:56,-6.1349,12.3689,77.63,88,93,2.89
204,204,Ukiah,US,2022-01-29 02:59:56,39.1502,-123.2078,53.65,61,27,2.66
205,205,Iqaluit,CA,2022-01-29 02:56:26,63.7506,-68.5145,-18.67,69,75,11.5
206,206,Groningen,NL,2022-01-29 02:55:18,53.25,6.75,47.01,92,100,8.99
207,207,Narsaq,GL,2022-01-29 02:59:57,60.9167,-46.05,20.46,96,100,3.91
208,208,Troitskoye,RU,2022-01-29 02:59:57,52.9821,84.6757,-0.18,97,96,4.21
209,209,Tazovskiy,RU,2022-01-29 02:59:57,67.4667,78.7,-2.97,99,99,4.79
210,210,Pitsunda,GE,2022-01-29 02:59:58,43.1592,40.3378,33.98,67,100,7.07
211,211,Sisimiut,GL,2022-01-29 02:59:58,66.9395,-53.6735,15.75,86,100,34.09
212,212,Canandaigua,US,2022-01-29 02:59:59,42.8742,-77.288,14.32,98,100,2.51
213,213,Georgetown,MY,2022-01-29 02:55:55,5.4112,100.3354,87.73,78,20,1.99
214,214,Honiara,SB,2022-01-29 02:59:59,-9.4333,159.95,82.98,73,100,6.02
215,215,Caraballeda,VE,2022-01-29 03:00:00,10.6112,-66.8522,78.87,78,40,5.75
216,216,Neyshabur,IR,2022-01-29 03:00:00,36.2133,58.7958,33.31,66,1,5.48
217,217,Yuanping,CN,2022-01-29 03:00:01,38.7153,112.7575,31.01,30,0,1.63
218,218,Chaozhou,CN,2022-01-29 03:00:02,23.6651,116.6379,65.62,65,92,3.04
219,219,Pafos,CY,2022-01-29 02:55:20,34.7667,32.4167,42.58,81,100,5.75
220,220,Chokurdakh,RU,2022-01-29 02:57:41,70.6333,147.9167,-29.22,96,90,0.63
221,221,Rawson,AR,2022-01-29 03:00:04,-43.3002,-65.1023,67.64,79,54,12.59
222,222,Tambo,PE,2022-01-29 03:00:05,-14.8,-73.9167,36.27,70,87,1.66
223,223,Baruun-Urt,MN,2022-01-29 03:00:06,46.6806,113.2792,0.12,79,3,3.56
224,224,Mulege,MX,2022-01-29 03:00:08,26.8833,-111.9833,59.83,62,0,7.49
225,225,Henties Bay,,2022-01-29 03:01:08,-22.116,14.2845,62.85,83,98,5.03
226,226,Kyaikto,MM,2022-01-29 03:01:09,17.3,97.0167,77.95,47,61,0.47
227,227,Camabatela,AO,2022-01-29 03:01:09,-8.1881,15.375,62.64,99,100,3.56
228,228,Am Timan,TD,2022-01-29 03:01:10,11.0297,20.2827,66.16,23,10,6.31
229,229,Sunrise Manor,US,2022-01-29 03:01:10,36.2111,-115.0731,53.92,17,0,3.0
230,230,Zyryanka,RU,2022-01-29 03:01:11,65.75,150.85,-8.99,97,100,10.36
231,231,Popondetta,PG,2022-01-29 03:01:11,-8.7537,148.2534,88.36,59,100,6.22
232,232,Maposeni,TZ,2022-01-29 03:01:12,-10.5833,35.4,65.88,99,100,2.26
233,233,Atar,MR,2022-01-29 03:01:12,20.5169,-13.0499,69.51,26,100,6.08
234,234,Faya,SA,2022-01-29 03:01:13,18.3851,42.4509,50.74,90,38,5.97
235,235,Kieta,PG,2022-01-29 03:01:13,-6.2167,155.6333,85.33,71,56,6.82
236,236,Namtsy,RU,2022-01-29 03:01:14,62.7161,129.6658,-20.09,97,100,4.47
237,237,Talaya,RU,2022-01-29 03:01:14,61.3833,152.75,-5.42,94,100,6.13
238,238,Ibiruba,BR,2022-01-29 02:56:51,-28.6275,-53.0897,59.16,90,1,6.11
239,239,Hofn,IS,2022-01-29 03:01:15,64.2539,-15.2082,27.57,55,72,18.97
240,240,North Platte,US,2022-01-29 03:01:15,41.1239,-100.7654,35.26,47,0,1.99
241,241,Emba,KZ,2022-01-29 03:01:16,48.8264,58.1442,8.55,95,97,2.04
242,242,Zhezkazgan,KZ,2022-01-29 03:01:16,47.8043,67.7144,10.38,79,75,11.18
243,243,Cidreira,BR,2022-01-29 03:01:17,-30.1811,-50.2056,69.66,75,16,12.28
244,244,Jennings,US,2022-01-29 03:01:17,38.7192,-90.2604,20.14,64,0,1.01
245,245,Rusape,ZW,2022-01-29 03:01:18,-18.5278,32.1284,62.44,98,98,3.83
246,246,Morgan City,US,2022-01-29 03:01:18,29.6994,-91.2068,43.0,61,0,4.92
247,247,Margate,GB,2022-01-29 03:01:19,51.3813,1.3862,50.76,86,37,4.0
248,248,Berberati,CF,2022-01-29 03:01:21,4.2612,15.7922,65.46,31,74,1.97
249,249,Sao Filipe,CV,2022-01-29 03:01:12,14.8961,-24.4956,70.68,71,82,11.32
250,250,Ostrovnoy,RU,2022-01-29 02:56:35,68.0531,39.5131,13.69,92,99,9.01
251,251,Bengkulu,ID,2022-01-29 03:01:22,-3.8004,102.2655,81.46,72,100,0.6
252,252,Westport,US,2022-01-29 02:59:40,41.1415,-73.3579,31.28,92,100,1.01
253,253,Shahrud,IR,2022-01-29 03:01:22,36.4182,54.9763,29.28,83,11,0.89
254,254,Progreso,MX,2022-01-29 03:01:23,21.2833,-89.6667,73.11,71,96,23.47
255,255,Saldanha,ZA,2022-01-29 03:01:24,-33.0117,17.9442,61.61,82,0,12.77
256,256,Gravdal,NO,2022-01-29 03:01:24,68.1214,13.5031,28.71,66,100,23.29
257,257,Saint-Augustin,CA,2022-01-29 03:01:25,51.226,-58.6502,11.41,88,100,11.23
258,258,Nizhniy Tsasuchey,RU,2022-01-29 03:01:25,50.5167,115.1333,1.81,75,4,7.83
259,259,Marinette,US,2022-01-29 03:01:26,45.1,-87.6307,14.49,92,89,6.04
260,260,Tasiilaq,GL,2022-01-29 02:59:35,65.6145,-37.6368,5.72,68,54,6.31
261,261,Akdepe,TM,2022-01-29 03:01:27,42.0551,59.3788,26.6,83,6,7.74
262,262,Alakurtti,RU,2022-01-29 03:01:27,66.9672,30.3491,-1.37,100,88,1.95
263,263,Hammerfest,NO,2022-01-29 03:01:28,70.6634,23.6821,18.05,93,72,3.44
264,264,Evensk,RU,2022-01-29 03:01:28,61.95,159.2333,17.46,81,100,28.48
265,265,Fernie,CA,2022-01-29 02:59:16,49.5,-115.0687,18.57,98,77,2.71
266,266,Meadow Lake,US,2022-01-29 03:01:29,34.8014,-106.5436,38.68,48,0,3.98
267,267,Lavrentiya,RU,2022-01-29 03:01:30,65.5833,-171.0,-8.93,95,26,3.44
268,268,Nantucket,US,2022-01-29 03:01:31,41.2835,-70.0995,37.51,78,100,14.97
269,269,Razole,IN,2022-01-29 03:01:31,16.4833,81.8333,77.29,76,71,5.88
270,270,Te Anau,NZ,2022-01-29 03:01:32,-45.4167,167.7167,70.9,41,98,7.85
271,271,Saskylakh,RU,2022-01-29 03:02:32,71.9167,114.0833,-2.25,93,100,4.29
272,272,Pachino,IT,2022-01-29 03:02:33,36.7186,15.0907,41.04,74,66,7.27
273,273,Nioro,GM,2022-01-29 03:02:33,13.35,-15.75,69.39,38,70,6.17
274,274,Zhigansk,RU,2022-01-29 03:02:33,66.7697,123.3711,-8.19,96,98,19.89
275,275,General Roca,AR,2022-01-29 03:02:34,-39.0333,-67.5833,86.14,23,25,7.25
276,276,Kamaishi,JP,2022-01-29 03:02:34,39.2667,141.8833,35.98,47,51,14.74
277,277,Palauig,PH,2022-01-29 03:02:35,15.435,119.9045,83.1,70,70,3.58
278,278,Susehri,TR,2022-01-29 03:02:35,40.1644,38.0867,2.32,91,25,2.01
279,279,Bira,RU,2022-01-29 03:02:35,49.0,132.4667,2.79,66,20,3.06
280,280,Surt,LY,2022-01-29 03:02:36,31.2089,16.5887,53.17,55,2,13.35
281,281,Bilibino,RU,2022-01-29 03:02:36,68.0546,166.4372,-7.87,95,100,3.78
282,282,Seoni,IN,2022-01-29 03:02:37,22.0833,79.5333,56.73,34,0,5.1
283,283,Burnie,AU,2022-01-29 03:02:37,-41.0667,145.9167,71.94,78,84,6.2
284,284,Schladming,AT,2022-01-29 03:02:38,47.3929,13.687,29.48,98,95,5.03
285,285,Wukari,NG,2022-01-29 03:02:38,7.85,9.7833,75.72,22,97,11.25
286,286,Duncan,US,2022-01-29 02:58:23,34.5023,-97.9578,43.36,55,0,3.44
287,287,Mahibadhoo,MV,2022-01-29 03:02:38,3.7833,72.9667,81.03,64,69,14.88
288,288,Chardara,KZ,2022-01-29 03:02:39,41.2547,67.9692,40.53,63,100,19.13
289,289,Lebu,CL,2022-01-29 03:00:51,-37.6167,-73.65,58.1,92,3,4.03
290,290,Kulhudhuffushi,MV,2022-01-29 03:02:39,6.6221,73.07,81.59,70,62,19.55
291,291,Yulara,AU,2022-01-29 03:02:40,-25.2406,130.9889,89.44,37,62,17.27
292,292,Mecca,SA,2022-01-29 03:02:40,21.4267,39.8261,62.22,52,0,6.35
293,293,Vilaka,LV,2022-01-29 03:02:41,57.1846,27.6722,24.8,89,99,9.64
294,294,Takhatpur,IN,2022-01-29 03:02:41,22.15,81.8667,58.73,36,0,3.44
295,295,Kjopsvik,NO,2022-01-29 03:02:42,68.097,16.3742,27.18,78,91,12.17
296,296,Oktyabrskiy,RU,2022-01-29 03:02:42,54.4815,53.471,0.21,99,93,2.77
297,297,Batemans Bay,AU,2022-01-29 03:00:25,-35.7167,150.1833,82.98,79,100,4.32
298,298,Wilmington,US,2022-01-29 03:00:45,34.2257,-77.9447,41.99,62,100,6.42
299,299,Boguchany,RU,2022-01-29 03:02:43,58.3814,97.4531,-4.54,100,99,2.64
300,300,Washington,US,2022-01-29 03:01:15,47.5001,-120.5015,28.58,78,100,1.3
301,301,Aksu,CN,2022-01-29 03:02:43,41.1231,80.2644,24.26,46,90,2.98
302,302,Luang Prabang,LA,2022-01-29 03:02:44,19.8856,102.1347,78.33,47,69,1.23
303,303,Anloga,GH,2022-01-29 03:02:44,5.7947,0.8973,79.12,78,20,1.39
304,304,Kapustin Yar,RU,2022-01-29 03:02:44,48.5831,45.7372,18.32,96,79,8.95
305,305,Nanortalik,GL,2022-01-29 03:02:18,60.1432,-45.2371,27.36,77,100,13.02
306,306,Itarema,BR,2022-01-29 03:02:45,-2.9248,-39.9167,73.9,81,100,4.97
307,307,Pandan,PH,2022-01-29 03:02:45,14.0453,124.1694,81.07,83,70,4.09
308,308,Enshi,CN,2022-01-29 03:02:46,30.3,109.4833,38.32,95,100,0.72
309,309,Cabo San Lucas,MX,2022-01-29 03:02:36,22.8909,-109.9124,71.51,63,0,3.0
310,310,Kozhva,RU,2022-01-29 03:02:46,65.1073,57.0459,3.56,93,100,9.95
311,311,Raga,SS,2022-01-29 03:02:46,8.4596,25.678,61.2,23,11,5.37
312,312,Semnan,IR,2022-01-29 03:02:47,35.5729,53.3971,32.59,75,30,0.96
313,313,Porto Novo,BJ,2022-01-29 03:02:47,6.4965,2.6036,73.33,84,2,2.84
314,314,Muli,MV,2022-01-29 03:02:48,2.9167,73.5667,81.14,65,58,12.24
315,315,Flinders,AU,2022-01-29 03:02:48,-34.5833,150.8552,89.8,66,85,5.99
316,316,Mehamn,NO,2022-01-29 03:02:27,71.0357,27.8492,23.97,64,100,4.47
317,317,Leichlingen,DE,2022-01-29 03:03:49,51.1167,7.0167,44.47,81,100,8.43
318,318,Asau,RO,2022-01-29 03:03:49,46.4333,26.4,31.28,91,65,4.34
319,319,Katsuura,JP,2022-01-29 03:01:04,35.1333,140.3,44.71,89,100,10.0
320,320,Akyab,MM,2022-01-29 03:03:50,20.15,92.9,66.65,47,15,11.86
321,321,Deputatskiy,RU,2022-01-29 03:03:50,69.3,139.9,-22.34,98,89,1.7
322,322,Kenai,US,2022-01-29 03:03:50,60.5544,-151.2583,28.45,80,100,17.27
323,323,Palmas,BR,2022-01-29 03:00:47,-10.2128,-48.3603,71.04,94,100,2.75
324,324,Portland,US,2022-01-29 02:58:56,45.5234,-122.6762,42.69,66,60,1.99
325,325,Taoudenni,ML,2022-01-29 03:03:51,22.6783,-3.9836,69.08,11,100,12.24
326,326,Vysha,RU,2022-01-29 03:03:52,53.8477,42.3777,18.14,95,100,8.12
327,327,Yaan,NG,2022-01-29 03:03:52,7.3833,8.5667,78.33,21,97,9.22
328,328,Wanaka,NZ,2022-01-29 03:03:52,-44.7,169.15,80.11,26,58,10.0
329,329,Berdigestyakh,RU,2022-01-29 03:03:53,62.0989,126.6992,-11.06,95,100,7.25
330,330,Lasa,IT,2022-01-29 03:03:53,46.6166,10.7002,32.02,61,52,7.85
331,331,Tabou,CI,2022-01-29 02:59:57,4.423,-7.3528,78.94,82,70,3.83
332,332,Buraydah,SA,2022-01-29 03:03:54,26.326,43.975,49.6,37,96,9.57
333,333,Lillooet,CA,2022-01-29 03:01:08,50.6856,-121.942,32.65,86,100,2.46
334,334,Torbay,CA,2022-01-29 03:03:54,47.6666,-52.7314,29.57,87,45,3.0
335,335,Prachuap Khiri Khan,TH,2022-01-29 03:03:55,12.2167,99.75,83.7,42,12,1.43
336,336,Bandarbeyla,SO,2022-01-29 03:03:55,9.4942,50.8122,71.76,75,97,14.92
337,337,Merrill,US,2022-01-29 03:03:55,45.1805,-89.6835,9.37,100,34,2.53
338,338,Yerbogachen,RU,2022-01-29 03:03:56,61.2767,108.0108,-15.41,99,98,4.61
339,339,Port Lincoln,AU,2022-01-29 03:03:56,-34.7333,135.8667,71.82,65,89,15.28
340,340,Tevaitoa,PF,2022-01-29 03:03:56,-16.7833,-151.5,81.68,74,8,16.28
341,341,Saint-Louis,SN,2022-01-29 03:03:57,16.3333,-15.0,71.71,25,100,10.42
342,342,Namibe,AO,2022-01-29 03:03:52,-15.1961,12.1522,71.01,83,100,6.17
343,343,Beloha,MG,2022-01-29 03:03:57,-25.1667,45.05,69.66,80,1,5.7
344,344,Bathsheba,BB,2022-01-29 03:03:58,13.2167,-59.5167,76.05,82,20,8.05
345,345,Olinda,BR,2022-01-29 02:59:00,-8.0089,-34.8553,73.13,100,75,6.91
346,346,Bangassou,CF,2022-01-29 03:03:58,4.7413,22.8184,63.99,37,37,3.47
347,347,Biak,ID,2022-01-29 03:03:59,-0.9131,122.8766,81.37,71,100,3.18
348,348,Carnarvon,AU,2022-01-29 03:03:59,-24.8667,113.6333,89.67,48,1,16.11
349,349,Broome,US,2022-01-29 03:02:35,42.2506,-75.833,16.02,82,100,1.99
350,350,Agidel,RU,2022-01-29 03:04:00,55.9077,53.9355,6.84,96,100,4.09
351,351,Kavieng,PG,2022-01-29 03:04:00,-2.5744,150.7967,83.32,73,100,4.41
352,352,Mackay,AU,2022-01-29 03:03:34,-21.15,149.2,88.68,70,71,17.29
353,353,Nago,JP,2022-01-29 03:04:01,26.5881,127.9761,66.27,89,100,14.97
354,354,Inhambane,MZ,2022-01-29 03:04:01,-23.865,35.3833,74.73,84,75,1.52
355,355,Opuwo,,2022-01-29 03:04:02,-18.0607,13.84,62.33,56,23,5.39
356,356,Bukachacha,RU,2022-01-29 03:04:02,52.9833,116.9167,3.69,73,5,2.3
357,357,Fortuna,US,2022-01-29 03:03:58,40.5982,-124.1573,49.12,79,0,0.0
358,358,Linhai,CN,2022-01-29 03:04:03,28.85,121.1167,43.93,77,100,3.76
359,359,Victor Harbor,AU,2022-01-29 03:04:03,-35.5667,138.6167,80.91,72,12,1.99
360,360,Sherlovaya Gora,RU,2022-01-29 03:04:04,50.5667,116.25,-8.41,87,8,3.74
361,361,Marystown,CA,2022-01-29 03:04:04,47.1666,-55.1483,31.86,100,98,8.52
362,362,Kavaratti,IN,2022-01-29 03:02:38,10.5669,72.642,80.62,72,7,10.33
363,363,Klaksvik,FO,2022-01-29 03:01:26,62.2266,-6.589,40.12,93,100,12.95
364,364,Sur,OM,2022-01-29 03:05:05,22.5667,59.5289,68.65,53,0,3.74
365,365,Husavik,IS,2022-01-29 03:05:05,66.0449,-17.3389,24.76,95,100,29.73
366,366,Petropavl,KZ,2022-01-29 03:05:06,54.8753,69.1628,-0.42,85,0,6.71
367,367,San Jeronimo,PE,2022-01-29 03:05:06,-11.9472,-75.2829,46.29,92,100,0.85
368,368,Calabozo,VE,2022-01-29 03:05:07,8.9242,-67.4293,80.92,52,18,9.55
369,369,Ust-Nera,RU,2022-01-29 03:05:07,64.5667,143.2,-6.63,99,100,1.66
370,370,Moron,AR,2022-01-29 03:05:08,-34.6534,-58.6198,71.98,79,0,6.22
371,371,Saint-Francois,FR,2022-01-29 03:05:08,46.4154,3.9054,31.44,100,100,5.75
372,372,Shingu,JP,2022-01-29 03:05:09,33.7333,135.9833,52.03,37,99,4.5
373,373,Lagoa,PT,2022-01-29 03:05:09,39.05,-27.9833,57.92,56,18,13.53
374,374,Bolgar,RU,2022-01-29 03:05:11,54.95,49.0667,10.85,98,97,4.45
375,375,Ogrezeni,RO,2022-01-29 03:05:12,44.4197,25.7683,33.1,83,44,8.12
376,376,Aksarka,RU,2022-01-29 03:05:12,66.5606,67.7975,-0.63,95,100,8.12
377,377,Grindavik,IS,2022-01-29 03:02:15,63.8424,-22.4338,27.07,63,75,19.57
378,378,Chupaca,PE,2022-01-29 03:05:13,-12.0667,-75.2833,47.08,92,100,1.34
379,379,Makakilo City,US,2022-01-29 03:05:13,21.3469,-158.0858,77.32,66,40,10.36
380,380,Kasulu,TZ,2022-01-29 03:05:14,-4.5767,30.1025,64.51,89,100,2.91
381,381,Leningradskiy,RU,2022-01-29 03:05:14,69.3833,178.4167,-11.33,93,38,3.04
382,382,Flin Flon,CA,2022-01-29 03:05:15,54.7682,-101.865,4.19,94,100,7.27
383,383,Sao Joao Da Barra,BR,2022-01-29 03:05:15,-21.6403,-41.0511,76.17,90,48,17.54
384,384,Lompoc,US,2022-01-29 03:05:16,34.6391,-120.4579,56.79,53,0,0.0
385,385,Aksehir,TR,2022-01-29 03:05:16,38.3575,31.4164,11.25,89,41,3.2
386,386,Nobeoka,JP,2022-01-29 03:05:17,32.5833,131.6667,46.76,46,79,3.85
387,387,Shemonaikha,KZ,2022-01-29 03:05:17,50.6328,81.9056,-8.46,99,76,3.51
388,388,Mahanoro,MG,2022-01-29 03:05:18,-19.9,48.8,69.51,84,0,4.18
389,389,Nemuro,JP,2022-01-29 03:05:18,43.3236,145.575,24.91,70,66,10.71
390,390,Praia Da Vitoria,PT,2022-01-29 03:05:19,38.7333,-27.0667,57.76,83,20,10.94
391,391,Ulladulla,AU,2022-01-29 03:03:10,-35.35,150.4667,84.87,68,100,9.95
392,392,Alice Springs,AU,2022-01-29 03:05:20,-23.7,133.8833,78.35,89,75,9.22
393,393,Whitehorse,CA,2022-01-29 03:04:09,60.7161,-135.0538,18.64,96,100,4.81
394,394,Auki,SB,2022-01-29 03:04:28,-8.7676,160.7034,79.27,84,100,2.73
395,395,Mantua,IT,2022-01-29 03:05:21,45.1667,10.7833,40.71,75,100,2.39
396,396,Tiksi,RU,2022-01-29 03:03:24,71.6872,128.8694,-9.89,99,33,6.91
397,397,Boras,SE,2022-01-29 03:05:21,57.721,12.9401,39.54,97,100,14.38
398,398,Comodoro Rivadavia,AR,2022-01-29 03:05:22,-45.8667,-67.5,62.46,88,75,5.75
399,399,Bokoro,TD,2022-01-29 03:02:13,12.3807,17.0568,60.31,15,6,12.53
400,400,Okhotsk,RU,2022-01-29 03:02:40,59.3833,143.3,14.02,77,100,16.82
401,401,Bloemhof,ZA,2022-01-29 03:05:23,-27.6469,25.607,64.71,82,7,12.24
402,402,Kysyl-Syr,RU,2022-01-29 03:03:41,63.8986,122.7617,-9.17,97,99,8.41
403,403,Ishigaki,JP,2022-01-29 03:05:24,24.3448,124.1572,68.59,89,100,19.82
404,404,Vitim,RU,2022-01-29 03:05:24,59.4511,112.5578,-5.73,96,98,4.56
405,405,Shihezi,CN,2022-01-29 03:05:25,44.3,86.0333,2.5,93,81,2.86
406,406,Olovyannaya,RU,2022-01-29 03:05:25,50.95,115.5667,-5.37,89,36,3.69
407,407,Hede,CN,2022-01-29 03:05:26,33.7681,120.2517,41.18,43,100,8.43
408,408,Puerto El Triunfo,SV,2022-01-29 03:05:26,13.2833,-88.55,78.96,69,79,3.83
409,409,Siderno,IT,2022-01-29 03:05:27,38.2779,16.302,50.4,97,44,16.93
410,410,Asfi,MA,2022-01-29 03:05:27,32.2994,-9.2372,58.73,57,32,7.16
411,411,Sedalia,US,2022-01-29 03:06:27,38.7045,-93.2283,19.33,46,0,4.61
412,412,Ambon,ID,2022-01-29 03:06:28,-3.6954,128.1814,89.74,58,20,11.5
413,413,Alofi,NU,2022-01-29 03:02:45,-19.0595,-169.9187,82.33,73,60,10.89
414,414,Talnakh,RU,2022-01-29 03:02:01,69.4865,88.3972,-0.8,95,100,10.4
415,415,Boa Vista,BR,2022-01-29 03:06:29,2.8197,-60.6733,80.58,61,20,10.36
416,416,Yamada,JP,2022-01-29 03:06:30,39.4667,141.95,36.59,40,37,11.99
417,417,Maan,PH,2022-01-29 03:06:30,5.9339,124.7356,85.87,68,95,5.53
418,418,Kempsey,AU,2022-01-29 03:06:31,-31.0833,152.8333,81.95,76,75,8.99
419,419,Tautira,PF,2022-01-29 03:06:31,-17.7333,-149.15,84.22,75,17,15.66
420,420,Fereydunshahr,IR,2022-01-29 03:06:32,32.941,50.121,2.75,35,2,5.21
421,421,Pendleton,US,2022-01-29 03:06:32,45.6721,-118.7886,31.91,81,100,0.0
422,422,Santa Marta,CO,2022-01-29 03:01:59,11.2408,-74.199,80.89,68,66,15.01
423,423,College,US,2022-01-29 03:01:42,64.8569,-147.8028,-6.54,94,99,4.43
424,424,Kholmogory,RU,2022-01-29 03:06:33,64.2229,41.656,15.91,97,97,3.91
425,425,Huarmey,PE,2022-01-29 03:06:34,-10.0681,-78.1522,70.66,83,100,7.78
426,426,Sompeta,IN,2022-01-29 03:06:34,18.9333,84.6,68.67,44,57,5.14
427,427,Ketchikan,US,2022-01-29 03:06:34,55.3422,-131.6461,46.38,87,100,18.41
428,428,Saint-Honore,CA,2022-01-29 03:06:35,48.5334,-71.0824,-29.42,100,70,2.64
429,429,Champerico,GT,2022-01-29 03:06:35,14.3,-91.9167,79.03,71,1,8.03
430,430,Sokoto,NG,2022-01-29 03:06:36,13.0609,5.239,65.64,14,0,15.48
431,431,Zhanakorgan,KZ,2022-01-29 03:06:36,43.9098,67.2495,30.18,96,100,23.96
432,432,Segamat,MY,2022-01-29 03:06:37,2.5148,102.8158,86.54,55,42,5.46
433,433,Mayna,RU,2022-01-29 03:06:37,54.1135,47.6231,-2.56,100,100,4.12
434,434,Olden,NO,2022-01-29 03:06:38,61.8364,6.8064,36.27,96,100,11.79
435,435,Oktyabrskoye,RU,2022-01-29 03:06:38,43.0645,44.7417,12.34,92,5,8.95
436,436,Adrar,MR,2022-01-29 03:06:39,20.5022,-10.0711,71.06,12,100,4.21
437,437,Pozo Colorado,PY,2022-01-29 03:06:39,-23.4923,-58.7972,76.17,58,9,4.47
438,438,Tirumullaivasal,IN,2022-01-29 03:06:40,11.2333,79.8333,78.64,76,99,15.73
439,439,Simpang,ID,2022-01-29 03:06:40,-1.2667,104.0833,86.97,57,95,4.47
440,440,Vikulovo,RU,2022-01-29 03:06:41,56.8167,70.6107,-1.89,100,100,3.27
441,441,Red Wing,US,2022-01-29 03:03:44,44.5625,-92.5338,11.64,66,0,0.0
442,442,Juiz De Fora,BR,2022-01-29 03:06:41,-21.7642,-43.3503,63.79,79,100,3.94
443,443,Quatre Cocos,MU,2022-01-29 03:06:42,-20.2078,57.7625,81.09,79,6,8.72
444,444,San Jose,US,2022-01-29 03:01:45,37.3394,-121.895,59.25,62,40,0.0
445,445,Nikki,BJ,2022-01-29 03:06:43,9.9401,3.2108,72.12,22,6,7.27
446,446,Buala,SB,2022-01-29 03:06:43,-8.145,159.5921,83.79,75,100,4.5
447,447,Inta,RU,2022-01-29 03:06:44,66.0317,60.1659,-5.15,96,94,6.76
448,448,Shimoda,JP,2022-01-29 03:06:14,34.6667,138.95,47.1,57,95,4.76
449,449,Komsomolskiy,UZ,2022-01-29 03:03:38,40.4272,71.7189,36.32,75,75,6.91
450,450,Zaranj,AF,2022-01-29 03:06:45,30.9667,61.8833,48.4,43,33,9.78
451,451,Delta,NG,2022-01-29 03:06:45,5.5,6.0,74.34,90,99,2.21
452,452,Faanui,PF,2022-01-29 03:06:46,-16.4833,-151.75,80.92,75,17,13.62
453,453,Sale,MA,2022-01-29 03:06:46,34.0389,-6.8166,54.75,62,81,0.0
454,454,Nelson Bay,AU,2022-01-29 03:06:47,-32.7167,152.15,88.77,64,0,4.0
455,455,Gravelbourg,CA,2022-01-29 03:06:47,49.8834,-106.5512,21.45,80,93,9.01
456,456,Luanda,AO,2022-01-29 03:02:15,-8.8368,13.2343,77.58,85,100,3.89
457,457,Thompson,CA,2022-01-29 03:06:48,55.7435,-97.8558,-1.91,95,100,2.57
458,458,Severodvinsk,RU,2022-01-29 03:06:48,64.5635,39.8302,15.91,96,99,5.79
459,459,Magaramkent,RU,2022-01-29 03:07:49,41.6159,48.348,28.02,67,4,4.79
460,460,Kangaatsiaq,GL,2022-01-29 03:07:49,68.3065,-53.4641,12.56,88,80,15.19
461,461,Wollongong,AU,2022-01-29 03:07:50,-34.4333,150.8833,90.21,64,79,16.2
462,462,Aban,RU,2022-01-29 03:07:50,56.67,96.06,-7.58,100,100,4.14
463,463,La Sarre,CA,2022-01-29 03:07:51,48.8002,-79.1996,-13.47,96,36,5.28
464,464,Cockburn Town,TC,2022-01-29 03:03:10,21.4612,-71.1419,78.04,76,3,8.48
465,465,Lamar,US,2022-01-29 03:07:51,33.6668,-95.5836,40.66,48,0,3.44
466,466,Vieux-Habitants,GP,2022-01-29 03:07:51,16.0589,-61.7659,72.72,77,73,9.42
467,467,Dombasle-Sur-Meurthe,FR,2022-01-29 03:07:52,48.6252,6.3497,37.45,88,100,6.91
468,468,Sabang,ID,2022-01-29 03:07:52,5.8933,95.3214,82.38,76,16,10.71
469,469,Vershino-Darasunskiy,RU,2022-01-29 03:07:53,52.35,115.5167,-0.15,74,14,3.67
470,470,Boone,US,2022-01-29 03:07:53,39.0334,-92.3335,19.4,53,3,2.24
471,471,Katherine,AU,2022-01-29 03:07:53,-14.4667,132.2667,86.32,70,96,14.97
472,472,Manzanillo,CU,2022-01-29 03:07:54,20.3433,-77.1167,73.0,81,0,3.18
473,473,Gao,ML,2022-01-29 03:07:54,16.6362,1.637,61.92,21,0,13.22
474,474,Renfrew,GB,2022-01-29 03:07:55,55.872,-4.3925,52.56,87,100,25.32
475,475,Minden,DE,2022-01-29 03:07:55,52.2833,8.9167,44.04,86,100,18.41
476,476,Xuddur,SO,2022-01-29 03:07:56,4.1213,43.8894,65.97,84,66,15.61
477,477,Phuket,TH,2022-01-29 03:07:56,8.0,98.25,84.42,74,20,3.44
478,478,Paracuru,BR,2022-01-29 03:07:08,-3.41,-39.0306,73.42,85,100,0.72
479,479,Mazamari,PE,2022-01-29 03:07:57,-11.3258,-74.5308,70.27,99,100,2.42
480,480,Palmerston,AU,2022-01-29 03:07:57,-12.486,130.9833,87.93,76,75,19.57
481,481,Shuangyashan,CN,2022-01-29 03:07:57,46.6361,131.1539,5.61,74,81,14.32
482,482,Balaghat,IN,2022-01-29 03:07:58,21.8,80.1833,59.81,32,0,3.27
483,483,Tura,IN,2022-01-29 03:07:58,25.5198,90.2201,62.37,39,0,2.39
484,484,Salinas,US,2022-01-29 03:05:06,36.6777,-121.6555,58.69,43,0,4.61
485,485,Kondinskoye,RU,2022-01-29 03:07:59,59.6481,67.41,-9.22,100,67,5.12
486,486,San Patricio,US,2022-01-29 03:07:59,28.017,-97.5169,52.83,48,0,6.2
487,487,Salinopolis,BR,2022-01-29 03:08:00,-0.6136,-47.3561,76.3,91,100,14.32
488,488,Saint-Pierre,RE,2022-01-29 03:05:11,-21.3393,55.4781,74.88,69,0,5.75
489,489,Xiamen,CN,2022-01-29 03:08:00,24.4798,118.0819,59.07,71,46,14.03
490,490,Kudahuvadhoo,MV,2022-01-29 03:08:01,2.6708,72.8944,80.31,64,40,10.29
491,491,High Rock,BS,2022-01-29 03:08:01,26.6208,-78.2833,71.62,63,100,21.61
492,492,Hauterive,FR,2022-01-29 03:08:01,46.0901,3.4459,31.78,94,17,2.17
493,493,Morondava,MG,2022-01-29 03:07:19,-20.2833,44.2833,79.12,77,2,1.23
494,494,Caucasia,CO,2022-01-29 03:08:02,7.9865,-75.1935,75.6,86,35,7.65
495,495,Vardo,NO,2022-01-29 03:05:57,70.3705,31.1107,32.16,58,100,21.12
496,496,Plerin,FR,2022-01-29 03:08:03,48.5425,-2.7798,48.2,96,99,1.99
497,497,Kushmurun,KZ,2022-01-29 03:08:03,52.4503,64.6311,6.28,84,100,6.31
498,498,Kununurra,AU,2022-01-29 03:08:03,-15.7667,128.7333,89.58,70,40,12.66
499,499,Mahon,ES,2022-01-29 03:08:04,39.8885,4.2658,46.96,76,0,10.36
500,500,Coolum Beach,AU,2022-01-29 03:08:04,-26.5333,153.1,82.35,76,30,13.38
501,501,Manakara,MG,2022-01-29 03:07:19,-22.1333,48.0167,69.4,85,5,3.4
502,502,Seguela,CI,2022-01-29 03:08:05,7.9611,-6.6731,73.65,49,6,4.61
503,503,Srednekolymsk,RU,2022-01-29 03:08:05,67.45,153.6833,-7.82,95,100,3.4
504,504,Puerto Carreno,CO,2022-01-29 03:04:12,6.189,-67.4859,79.75,42,96,8.01
505,505,Vvedenskoye,RU,2022-01-29 03:08:06,55.4753,65.0847,4.51,97,100,3.96
506,506,Moussoro,TD,2022-01-29 03:08:06,13.6408,16.4901,58.17,13,15,13.73
507,507,Zhaotong,CN,2022-01-29 03:09:07,27.3167,103.7167,32.05,68,97,3.76
508,508,Lunenburg,CA,2022-01-29 03:09:07,44.3835,-64.3155,33.22,96,100,4.99
509,509,Sterling,US,2022-01-29 03:09:07,39.0062,-77.4286,33.06,93,100,10.0
510,510,Santa Lucia,ES,2022-01-29 03:09:08,27.9117,-15.5407,54.72,67,20,10.36
511,511,Abu Kamal,SY,2022-01-29 03:09:08,34.4506,40.9171,43.75,79,14,9.89
512,512,Staraya Toropa,RU,2022-01-29 03:09:09,56.2801,31.6702,25.7,94,100,11.16
513,513,Urzhum,RU,2022-01-29 03:04:48,57.1141,49.9996,17.4,95,100,8.01
514,514,Leshukonskoye,RU,2022-01-29 03:09:09,64.8989,45.7622,12.83,95,98,6.51
515,515,Tsalka,GE,2022-01-29 03:09:10,41.5946,44.0891,10.56,73,2,6.02
516,516,Benalla,AU,2022-01-29 03:09:10,-36.55,145.9833,83.14,59,54,3.18
517,517,Vestmannaeyjar,IS,2022-01-29 03:06:56,63.4427,-20.2734,25.54,66,76,30.98
518,518,Floro,NO,2022-01-29 03:09:11,61.5996,5.0328,44.96,100,100,18.41
519,519,Boende,CD,2022-01-29 03:09:11,-0.2167,20.8667,77.02,64,100,1.86
520,520,Sao Luis De Montes Belos,BR,2022-01-29 03:09:12,-16.525,-50.3722,67.35,97,97,3.02
521,521,Ixtapa,MX,2022-01-29 03:09:12,20.7,-105.2,71.22,88,20,0.0
522,522,Kayankulam,IN,2022-01-29 03:09:12,9.1833,76.5,77.36,65,8,6.46
523,523,Annau,TM,2022-01-29 03:09:13,37.8876,58.516,37.53,77,20,4.47
524,524,Cuiluan,CN,2022-01-29 03:09:13,47.72,128.648,5.22,67,60,10.31
525,525,Antofagasta,CL,2022-01-29 03:09:14,-23.65,-70.4,65.48,80,61,3.4
526,526,Port Augusta,AU,2022-01-29 03:09:14,-32.5,137.7667,93.7,36,0,12.84
527,527,Alexandria,EG,2022-01-29 03:09:14,31.2156,29.9553,53.87,73,13,8.63
528,528,Dosso,NE,2022-01-29 03:09:15,13.049,3.1937,67.89,16,4,16.35
529,529,Tucuma,BR,2022-01-29 03:08:12,-0.1833,-50.05,73.81,94,100,4.88
530,530,Erzin,TR,2022-01-29 03:09:15,36.9559,36.2,36.32,74,27,4.45
531,531,Leshan,CN,2022-01-29 03:09:16,29.5623,103.7639,46.44,69,33,4.07
532,532,Mazagao,BR,2022-01-29 03:09:16,-0.115,-51.2894,77.05,98,100,2.95
533,533,Alyangula,AU,2022-01-29 03:04:57,-13.8483,136.4192,82.08,78,100,7.65
534,534,Sobolevo,RU,2022-01-29 03:09:17,54.4299,31.8996,29.66,97,100,13.49
535,535,Araouane,ML,2022-01-29 03:09:17,18.9048,-3.5265,65.8,17,39,10.65
536,536,Sioux Lookout,CA,2022-01-29 03:07:59,50.1001,-91.917,-16.73,100,68,2.75
537,537,Sao Jose Da Coroa Grande,BR,2022-01-29 03:09:18,-8.8978,-35.1478,78.48,80,100,10.56
538,538,Esperance,AU,2022-01-29 03:09:18,-33.8667,121.9,78.55,43,0,10.0
539,539,Fort Nelson,CA,2022-01-29 03:09:19,58.8053,-122.7002,4.28,98,100,2.44
540,540,Vinh,VN,2022-01-29 03:09:19,18.6667,105.6667,74.5,77,67,3.0
541,541,Severnoye,RU,2022-01-29 03:09:19,56.3491,78.3619,-5.42,100,93,4.16
542,542,Darhan,MN,2022-01-29 03:09:20,49.4867,105.9228,-8.41,95,68,2.04
543,543,Kumluca,TR,2022-01-29 03:05:10,36.3703,30.2869,36.68,65,4,5.61
544,544,Akhtubinsk,RU,2022-01-29 03:09:20,48.2795,46.1722,16.93,95,56,8.32
545,545,Horodnytsya,UA,2022-01-29 03:09:21,50.807,27.3168,28.56,91,100,16.31
546,546,La Ronge,CA,2022-01-29 03:09:21,55.1001,-105.2842,8.01,98,99,4.27
547,547,Marawi,PH,2022-01-29 03:09:22,7.9986,124.2928,74.64,64,19,1.5
548,548,Shenjiamen,CN,2022-01-29 03:09:22,29.9576,122.298,44.13,75,100,15.84
549,549,Cap Malheureux,MU,2022-01-29 03:09:22,-19.9842,57.6142,81.46,76,2,3.0
550,550,Coacoyul,MX,2022-01-29 03:09:23,17.8058,-99.11,70.21,71,9,6.24
551,551,Brufut,GM,2022-01-29 03:09:23,13.3814,-16.7518,68.09,64,0,6.91
552,552,Gamba,GA,2022-01-29 03:10:24,-2.65,10.0,75.45,89,100,4.25
553,553,Jiayuguan,CN,2022-01-29 03:10:24,39.8167,98.3,22.93,31,4,2.46
554,554,Kawalu,ID,2022-01-29 03:10:25,-7.3817,108.2082,84.47,66,100,1.48
555,555,Nouadhibou,MR,2022-01-29 03:10:25,20.931,-17.0347,62.11,81,100,19.01
556,556,Presidencia Roque Saenz Pena,AR,2022-01-29 03:10:26,-26.7852,-60.4388,71.67,37,2,6.6
557,557,Varzea Alegre,BR,2022-01-29 03:09:30,-5.35,-40.3833,68.88,97,100,4.72
558,558,Ust-Karsk,RU,2022-01-29 03:10:26,52.7011,118.8077,-1.41,85,61,2.24
559,559,Henderson,US,2022-01-29 03:09:37,36.0397,-114.9819,52.83,17,0,4.61
560,560,Puerto Ayacucho,VE,2022-01-29 03:10:27,5.6639,-67.6236,77.31,45,83,6.53
561,561,Atambua,ID,2022-01-29 03:06:05,-9.1061,124.8925,79.65,77,100,9.19
562,562,Santa Ines,BR,2022-01-29 03:10:28,-3.6667,-45.38,71.29,99,100,2.73
563,563,Parati,BR,2022-01-29 03:10:29,-23.2178,-44.7131,74.75,97,100,2.57
564,564,Holme,DK,2022-01-29 03:10:29,56.1138,10.1725,44.46,93,100,18.21
565,565,Linxia,CN,2022-01-29 03:10:30,35.6003,103.2064,17.4,81,16,1.34
566,566,Butembo,CD,2022-01-29 03:10:30,0.15,29.2833,58.37,68,100,1.19
567,567,Xalpatlahuac,MX,2022-01-29 03:10:31,17.4667,-98.6167,59.74,85,22,3.98
568,568,Wladyslawowo,PL,2022-01-29 03:06:35,54.7909,18.4009,33.94,78,100,14.07
569,569,Namatanai,PG,2022-01-29 03:10:32,-3.6667,152.4333,84.74,71,100,5.55
570,570,Pochutla,MX,2022-01-29 03:10:33,15.7432,-96.4661,79.65,89,3,4.34
571,571,Karacabey,TR,2022-01-29 03:10:34,40.2152,28.4038,41.45,81,100,1.5
572,572,Edd,ER,2022-01-29 03:10:34,13.9297,41.6925,75.81,83,19,4.92
573,573,Betioky,MG,2022-01-29 03:07:19,-23.7167,44.3833,68.74,83,0,2.19
574,574,Port Hedland,AU,2022-01-29 03:10:35,-20.3167,118.5667,91.45,49,100,9.22
575,575,Jumla,NP,2022-01-29 03:10:35,29.2747,82.1838,43.34,25,0,2.73
576,576,Santa Luzia,BR,2022-01-29 03:10:36,-19.7697,-43.8514,70.7,88,100,3.06
577,577,Brae,GB,2022-01-29 03:10:36,60.3964,-1.353,49.91,94,100,32.32
